accuracy,f1,recall,precision,kind
0.802033682872577,0.6761393172760354,0.6654160982264665,0.6872138076787602,system
0.7068107192034742,0.6625213362594489,0.9266712141882674,0.5155597722960151,crowd
1.0,1.0,1.0,1.0,annotator
